<pref name='/'>
	<pref name='active_scene' type='string' value='hw2'/>
	<pref name='assets_root' type='string' value='C:/Documents and Settings/Carlos/Desktop/dvc/trunk/data/'/>
	<pref name='plugins_dir' type='string' value='C:/Documents and Settings/Carlos/Desktop/dvc/dvc-build/lib/dvc/'/>
	<pref name='start_paused' type='bool' value='1'/>
	<pref name='screenshot_directory' type='string' value='./'/>
	<pref name='screenshot_label' type='string' value='frame'/>
	<pref name='screenshot_type' type='int' value='1'/>
	<pref name='plugins'>
		<pref name='collision'>
			<pref name='benPQP'>
				<pref name='filename' type='string' value='benpqpcollision'/>
			</pref>
			<pref name='polypoly'>
				<pref name='filename' type='string' value='polypoly'/>
			</pref>
		</pref>
		<pref name='cpsolver'>
			<pref name='pathsolver'>
				<pref name='filename' type='string' value='pathsolver'/>
				<pref name='license_filepath' type='string' value='PathLicense.txt'/>
			</pref>
			<pref name='siconoscpsolver'>
				<pref name='filename' type='string' value='siconoscpsolver'/>
				<pref name='tolerance' type='double' value='1e-06'/>
			</pref>
		</pref>
		<pref name='timestepper'>
			<pref name='ST_MCP'>
				<pref name='filename' type='string' value='stewarttrinkle_mcp'/>
				<pref name='restitutionCoefficent' type='double' value='0'/>
				<pref name='useSparseMatrix' type='bool' value='1'/>
				<pref name='auto_load' type='bool' value='1'/>
			</pref>
		</pref>
	</pref>
	<pref name='scenes'>
		<pref name='hw2'>
			<pref name='timestepper' type='string' value='ST_MCP'/>
			<pref name='collision' type='string' value='polypoly'/>
			<pref name='cpsolver' type='string' value='pathsolver'/>
			<pref name='dynamics_settings'>
				<pref name='friction_coefficient' type='double' value='0.2'/>
				<pref name='integration_method' type='int' value='0'/>
				<pref name='time_step' type='double' value='0.01'/>
				<pref name='gravity' type='double' value='0'/>
				<pref name='collision_epsilon' type='double' value='0.0001'/>
			</pref>
			<pref name='geometry'>
				<pref name='grip1'>
					<pref name='vert_data_file' type='string' value='Geometry/hw2_grip20.pdat'/>
					<pref name='mass' type='double' value='3'/>
					<pref name='momentOfInertia' type='double' value='0.006'/>
					<pref name='color'>
						<pref name='r' type='double' value='1'/>
						<pref name='g' type='double' value='0'/>
						<pref name='b' type='double' value='0.0833448'/>
						<pref name='a' type='double' value='1'/>
					</pref>
					<pref name='initialVelocity'>
						<pref name='x' type='double' value='0'/>
						<pref name='y' type='double' value='0'/>
						<pref name='t' type='double' value='0'/>
					</pref>
					<pref name='initialPosition'>
						<pref name='x' type='double' value='-0.5'/>
						<pref name='y' type='double' value='0'/>
						<pref name='t' type='double' value='0'/>
					</pref>
					<pref name='geomToBodyTransform'>
						<pref name='x' type='double' value='0'/>
						<pref name='y' type='double' value='0'/>
						<pref name='t' type='double' value='0'/>
					</pref>
				</pref>
				<pref name='grip2'>
					<pref name='vert_data_file' type='string' value='Geometry/hw2_grip20.pdat'/>
					<pref name='mass' type='double' value='3'/>
					<pref name='momentOfInertia' type='double' value='0.006'/>
					<pref name='color'>
						<pref name='r' type='double' value='0.032929'/>
						<pref name='g' type='double' value='1'/>
						<pref name='b' type='double' value='0'/>
						<pref name='a' type='double' value='1'/>
					</pref>
					<pref name='initialVelocity'>
						<pref name='x' type='double' value='0'/>
						<pref name='y' type='double' value='0'/>
						<pref name='t' type='double' value='0'/>
					</pref>
					<pref name='initialPosition'>
						<pref name='x' type='double' value='0'/>
						<pref name='y' type='double' value='0.5'/>
						<pref name='t' type='double' value='0'/>
					</pref>
					<pref name='geomToBodyTransform'>
						<pref name='x' type='double' value='0'/>
						<pref name='y' type='double' value='0'/>
						<pref name='t' type='double' value='0'/>
					</pref>
				</pref>
				<pref name='grip3'>
					<pref name='vert_data_file' type='string' value='Geometry/hw2_grip20.pdat'/>
					<pref name='mass' type='double' value='3'/>
					<pref name='momentOfInertia' type='double' value='0.006'/>
					<pref name='color'>
						<pref name='r' type='double' value='0'/>
						<pref name='g' type='double' value='0.342672'/>
						<pref name='b' type='double' value='1'/>
						<pref name='a' type='double' value='1'/>
					</pref>
					<pref name='initialVelocity'>
						<pref name='x' type='double' value='0'/>
						<pref name='y' type='double' value='0'/>
						<pref name='t' type='double' value='0'/>
					</pref>
					<pref name='initialPosition'>
						<pref name='x' type='double' value='0.5'/>
						<pref name='y' type='double' value='0'/>
						<pref name='t' type='double' value='0'/>
					</pref>
					<pref name='geomToBodyTransform'>
						<pref name='x' type='double' value='0'/>
						<pref name='y' type='double' value='0'/>
						<pref name='t' type='double' value='0'/>
					</pref>
				</pref>
				<pref name='grip4'>
					<pref name='vert_data_file' type='string' value='Geometry/hw2_grip20.pdat'/>
					<pref name='mass' type='double' value='3'/>
					<pref name='momentOfInertia' type='double' value='0.006'/>
					<pref name='color'>
						<pref name='r' type='double' value='1'/>
						<pref name='g' type='double' value='0.616846'/>
						<pref name='b' type='double' value='0'/>
						<pref name='a' type='double' value='1'/>
					</pref>
					<pref name='initialVelocity'>
						<pref name='x' type='double' value='0'/>
						<pref name='y' type='double' value='0'/>
						<pref name='t' type='double' value='0'/>
					</pref>
					<pref name='initialPosition'>
						<pref name='x' type='double' value='0'/>
						<pref name='y' type='double' value='-0.5'/>
						<pref name='t' type='double' value='0'/>
					</pref>
					<pref name='geomToBodyTransform'>
						<pref name='x' type='double' value='0'/>
						<pref name='y' type='double' value='0'/>
						<pref name='t' type='double' value='0'/>
					</pref>
				</pref>
				<pref name='part'>
					<pref name='vert_data_file' type='string' value='Geometry/hw2_part.pdat'/>
					<pref name='mass' type='double' value='8'/>
					<pref name='momentOfInertia' type='double' value='0.012'/>
					<pref name='color'>
						<pref name='r' type='double' value='0.516869'/>
						<pref name='g' type='double' value='0.516869'/>
						<pref name='b' type='double' value='0.516869'/>
						<pref name='a' type='double' value='1'/>
					</pref>
					<pref name='initialVelocity'>
						<pref name='x' type='double' value='0'/>
						<pref name='y' type='double' value='0'/>
						<pref name='t' type='double' value='0'/>
					</pref>
					<pref name='initialPosition'>
						<pref name='x' type='double' value='0'/>
						<pref name='y' type='double' value='0'/>
						<pref name='t' type='double' value='0'/>
					</pref>
					<pref name='geomToBodyTransform'>
						<pref name='x' type='double' value='0'/>
						<pref name='y' type='double' value='-0.03'/>
						<pref name='t' type='double' value='0'/>
					</pref>
				</pref>
			</pref>
			<pref name='screen_settings'>
				<pref name='view_distance' type='double' value='2'/>
				<pref name='x_trans' type='double' value='0'/>
				<pref name='y_trans' type='double' value='0'/>
				<pref name='point_radius' type='double' value='0.005'/>
				<pref name='cg_radius' type='double' value='0.01'/>
				<pref name='draw_debug' type='bool' value='0'/>
				<pref name='draw_grid' type='bool' value='1'/>
				<pref name='grid_width' type='double' value='10'/>
				<pref name='grid_height' type='double' value='10'/>
				<pref name='grid_tick' type='double' value='0.5'/>
				<pref name='extrude_height' type='double' value='0.06'/>
			</pref>
		</pref>
	</pref>
	<pref name='screen_settings'>
		<pref name='width' type='int' value='1024'/>
		<pref name='height' type='int' value='768'/>
		<pref name='title' type='string' value='DVC'/>
		<pref name='subtitle' type='string' value='Robotics II - Gripper App'/>
		<pref name='framerate' type='int' value='60'/>
		<pref name='color_bits' type='int' value='32'/>
		<pref name='r' type='double' value='0.2'/>
		<pref name='g' type='double' value='0.2'/>
		<pref name='b' type='double' value='0.2'/>
		<pref name='a' type='double' value='1'/>
	</pref>
	<pref name='Gui'>
		<pref name='treepath' type='string' value='0:1:0:1'/>
		<pref name='fontfile' type='string' value='font.ttf'/>
	</pref>
	<pref name='dynamic_settings_ptr' type='generic' value='0'/>
	<pref name='cp_solver_ptr' type='generic' value='0'/>
</pref>
